{
  "properties": {
    "connectionReferences": {
      "shared_azuread": {
        "runtimeSource": "invoker",
        "connection": {
          "connectionReferenceLogicalName": "sbax_AADManageSecurityRoles"
        },
        "api": {
          "name": "shared_azuread"
        }
      },
      "shared_office365users": {
        "runtimeSource": "invoker",
        "connection": {
          "connectionReferenceLogicalName": "sbax_O365UsersManageSecurityRole"
        },
        "api": {
          "name": "shared_office365users"
        }
      },
      "shared_teams": {
        "runtimeSource": "invoker",
        "connection": {
          "connectionReferenceLogicalName": "sbax_TeamsManageSecurityRoles"
        },
        "api": {
          "name": "shared_teams"
        }
      },
      "shared_approvals": {
        "runtimeSource": "invoker",
        "connection": {
          "connectionReferenceLogicalName": "sbax_ApprovalsManageSecurityRoles"
        },
        "api": {
          "name": "shared_approvals"
        }
      }
    },
    "definition": {
      "$schema": "https://schema.management.azure.com/providers/Microsoft.Logic/schemas/2016-06-01/workflowdefinition.json#",
      "contentVersion": "1.0.0.0",
      "parameters": {
        "$connections": {
          "defaultValue": {},
          "type": "Object"
        },
        "$authentication": {
          "defaultValue": {},
          "type": "SecureObject"
        }
      },
      "triggers": {
        "manual": {
          "metadata": {
            "operationMetadataId": "1152485f-6b13-432e-9d33-28bb157b8058"
          },
          "type": "Request",
          "kind": "PowerApp",
          "inputs": {
            "schema": {
              "type": "object",
              "properties": {
                "Addusertogroup_GroupId": {
                  "type": "string",
                  "description": "Unique identifer of a group (Ex. '40639f36-46a6-73a6-91e2-9584b7913429').",
                  "x-ms-powerflows-param-ispartial": false
                },
                "Addusertogroup_UserId": {
                  "type": "string",
                  "description": "Unique identifer of a user (Ex. '5e6cf5c7-b511-4842-6aae-3f6b8ae5e95b').",
                  "x-ms-powerflows-param-ispartial": false
                }
              },
              "required": [
                "Addusertogroup_GroupId",
                "Addusertogroup_UserId"
              ]
            }
          }
        }
      },
      "actions": {
        "Get_manager_(V2)": {
          "runAfter": {
            "Compose": [
              "Succeeded"
            ]
          },
          "metadata": {
            "operationMetadataId": "e05e66fb-59c2-4195-9d84-e7669cf30161"
          },
          "type": "OpenApiConnection",
          "inputs": {
            "host": {
              "connectionName": "shared_office365users",
              "operationId": "Manager_V2",
              "apiId": "/providers/Microsoft.PowerApps/apis/shared_office365users"
            },
            "parameters": {
              "id": "@triggerBody()['Addusertogroup_UserId']"
            },
            "authentication": {
              "type": "Raw",
              "value": "@json(decodeBase64(triggerOutputs().headers['X-MS-APIM-Tokens']))['$ConnectionKey']"
            }
          }
        },
        "Get_user_profile_(V2)": {
          "runAfter": {
            "Compose": [
              "Succeeded"
            ]
          },
          "metadata": {
            "operationMetadataId": "f62c8ad0-b050-4973-9c4f-f47b94614a1b"
          },
          "type": "OpenApiConnection",
          "inputs": {
            "host": {
              "connectionName": "shared_office365users",
              "operationId": "UserProfile_V2",
              "apiId": "/providers/Microsoft.PowerApps/apis/shared_office365users"
            },
            "parameters": {
              "id": "@triggerBody()['Addusertogroup_UserId']"
            },
            "authentication": {
              "type": "Raw",
              "value": "@json(decodeBase64(triggerOutputs().headers['X-MS-APIM-Tokens']))['$ConnectionKey']"
            }
          }
        },
        "Get_group": {
          "runAfter": {
            "Compose": [
              "Succeeded"
            ]
          },
          "metadata": {
            "operationMetadataId": "98a23787-da21-4f82-9734-d9743c5677c1"
          },
          "type": "OpenApiConnection",
          "inputs": {
            "host": {
              "connectionName": "shared_azuread",
              "operationId": "GetGroup",
              "apiId": "/providers/Microsoft.PowerApps/apis/shared_azuread"
            },
            "parameters": {
              "id": "@triggerBody()['Addusertogroup_GroupId']"
            },
            "authentication": {
              "type": "Raw",
              "value": "@json(decodeBase64(triggerOutputs().headers['X-MS-APIM-Tokens']))['$ConnectionKey']"
            }
          }
        },
        "Compose": {
          "runAfter": {},
          "metadata": {
            "operationMetadataId": "e361d126-c0dc-4b51-b2ed-036ac0ca90ab"
          },
          "type": "Compose",
          "inputs": "test"
        },
        "Post_adaptive_card_and_wait_for_a_response": {
          "runAfter": {
            "Create_an_approval": [
              "Succeeded"
            ]
          },
          "metadata": {
            "operationMetadataId": "8fcb403d-e2db-4a0c-a6f6-7eba6b1a1fbd"
          },
          "type": "OpenApiConnectionWebhook",
          "inputs": {
            "host": {
              "connectionName": "shared_teams",
              "operationId": "PostCardAndWaitForResponse",
              "apiId": "/providers/Microsoft.PowerApps/apis/shared_teams"
            },
            "parameters": {
              "poster": "Flow bot",
              "location": "Chat with Flow bot",
              "body/body/messageBody": "@outputs('Create_an_approval')?['body/adaptiveCard']",
              "body/body/updateMessage": "Thanks for your response!",
              "body/body/recipient/to": "@{outputs('Get_manager_(V2)')?['body/mail']};"
            },
            "authentication": {
              "type": "Raw",
              "value": "@json(decodeBase64(triggerOutputs().headers['X-MS-APIM-Tokens']))['$ConnectionKey']"
            }
          }
        },
        "Create_an_approval": {
          "runAfter": {
            "Get_user_profile_(V2)": [
              "Succeeded"
            ],
            "Get_manager_(V2)": [
              "Succeeded"
            ],
            "Get_group": [
              "Succeeded"
            ]
          },
          "metadata": {
            "operationMetadataId": "83ee8a3b-48f3-4d7e-b4b4-4e5f48136a52"
          },
          "type": "OpenApiConnection",
          "inputs": {
            "host": {
              "connectionName": "shared_approvals",
              "operationId": "CreateAnApproval",
              "apiId": "/providers/Microsoft.PowerApps/apis/shared_approvals"
            },
            "parameters": {
              "approvalType": "BasicAwaitAll",
              "ApprovalCreationInput/title": "Request for new security role",
              "ApprovalCreationInput/assignedTo": "@{outputs('Get_manager_(V2)')?['body/mail']};",
              "ApprovalCreationInput/details": "**Requestor:** @{outputs('Get_user_profile_(V2)')?['body/displayName']}\n**Role:**  @{outputs('Get_group')?['body/displayName']}\n**Role Description:** @{outputs('Get_group')?['body/description']}",
              "ApprovalCreationInput/enableNotifications": false,
              "ApprovalCreationInput/enableReassignment": false
            },
            "authentication": {
              "type": "Raw",
              "value": "@json(decodeBase64(triggerOutputs().headers['X-MS-APIM-Tokens']))['$ConnectionKey']"
            }
          }
        },
        "Add_user_to_group": {
          "runAfter": {
            "Terminate": [
              "Succeeded"
            ]
          },
          "metadata": {
            "operationMetadataId": "0db14f51-b5d4-4126-8661-e0f4d98a9bf9"
          },
          "type": "OpenApiConnection",
          "inputs": {
            "host": {
              "connectionName": "shared_azuread",
              "operationId": "AddUserToGroup",
              "apiId": "/providers/Microsoft.PowerApps/apis/shared_azuread"
            },
            "parameters": {
              "id": "@outputs('Get_group')?['body/id']",
              "body/@odata.id": "@outputs('Get_user_profile_(V2)')?['body/id']"
            },
            "authentication": {
              "type": "Raw",
              "value": "@json(decodeBase64(triggerOutputs().headers['X-MS-APIM-Tokens']))['$ConnectionKey']"
            }
          }
        },
        "Terminate": {
          "runAfter": {
            "Post_adaptive_card_and_wait_for_a_response": [
              "Succeeded"
            ]
          },
          "metadata": {
            "operationMetadataId": "6179e8ae-5edc-4f52-a218-fcb60398aebc"
          },
          "type": "Terminate",
          "inputs": {
            "runStatus": "Succeeded"
          }
        }
      }
    },
    "templateName": ""
  },
  "schemaVersion": "1.0.0.0"
}