{
  "properties": {
    "connectionReferences": {
      "shared_azuread": {
        "runtimeSource": "invoker",
        "connection": {
          "connectionReferenceLogicalName": "sbax_AADManageSecurityRoles"
        },
        "api": {
          "name": "shared_azuread"
        }
      }
    },
    "definition": {
      "$schema": "https://schema.management.azure.com/providers/Microsoft.Logic/schemas/2016-06-01/workflowdefinition.json#",
      "contentVersion": "1.0.0.0",
      "parameters": {
        "$connections": {
          "defaultValue": {},
          "type": "Object"
        },
        "$authentication": {
          "defaultValue": {},
          "type": "SecureObject"
        }
      },
      "triggers": {
        "manual": {
          "metadata": {
            "operationMetadataId": "1152485f-6b13-432e-9d33-28bb157b8058"
          },
          "type": "Request",
          "kind": "PowerApp",
          "inputs": {
            "schema": {
              "type": "object",
              "properties": {
                "Addusertogroup_GroupId": {
                  "type": "string",
                  "description": "Unique identifer of a group (Ex. '40639f36-46a6-73a6-91e2-9584b7913429').",
                  "x-ms-powerflows-param-ispartial": false
                },
                "Addusertogroup_UserId": {
                  "type": "string",
                  "description": "Unique identifer of a user (Ex. '5e6cf5c7-b511-4842-6aae-3f6b8ae5e95b').",
                  "x-ms-powerflows-param-ispartial": false
                }
              },
              "required": [
                "Addusertogroup_GroupId",
                "Addusertogroup_UserId"
              ]
            }
          }
        }
      },
      "actions": {
        "Add_user_to_group": {
          "runAfter": {},
          "metadata": {
            "operationMetadataId": "0db14f51-b5d4-4126-8661-e0f4d98a9bf9"
          },
          "type": "OpenApiConnection",
          "inputs": {
            "host": {
              "apiId": "/providers/Microsoft.PowerApps/apis/shared_azuread",
              "connectionName": "shared_azuread",
              "operationId": "AddUserToGroup"
            },
            "parameters": {
              "id": "@triggerBody()['Addusertogroup_GroupId']",
              "body/@odata.id": "@triggerBody()['Addusertogroup_UserId']"
            },
            "authentication": {
              "value": "@json(decodeBase64(triggerOutputs().headers['X-MS-APIM-Tokens']))['$ConnectionKey']",
              "type": "Raw"
            }
          }
        },
        "Respond_to_a_PowerApp_or_flow_-_Success": {
          "runAfter": {
            "Add_user_to_group": [
              "Succeeded"
            ]
          },
          "metadata": {
            "operationMetadataId": "d7bb60be-1ba4-4729-94fa-cf1bd6992577"
          },
          "type": "Response",
          "kind": "PowerApp",
          "inputs": {
            "statusCode": 200,
            "body": {
              "message": "Success"
            },
            "schema": {
              "type": "object",
              "properties": {
                "message": {
                  "title": "Message",
                  "x-ms-dynamically-added": true,
                  "type": "string"
                }
              }
            }
          }
        },
        "Respond_to_a_PowerApp_or_flow_-_Failure": {
          "runAfter": {
            "Add_user_to_group": [
              "Failed",
              "Skipped",
              "TimedOut"
            ]
          },
          "metadata": {
            "operationMetadataId": "3e2d76dc-6853-48d4-9afd-dca8b66ba695"
          },
          "type": "Response",
          "kind": "PowerApp",
          "inputs": {
            "statusCode": 200,
            "body": {
              "message": "Failure"
            },
            "schema": {
              "type": "object",
              "properties": {
                "message": {
                  "title": "Message",
                  "x-ms-dynamically-added": true,
                  "type": "string"
                }
              }
            }
          }
        }
      }
    },
    "templateName": null
  },
  "schemaVersion": "1.0.0.0"
}