{
  "properties": {
    "connectionReferences": {
      "shared_azuread": {
        "runtimeSource": "invoker",
        "connection": {
          "connectionReferenceLogicalName": "sbax_AADManageSecurityRoles"
        },
        "api": {
          "name": "shared_azuread"
        }
      }
    },
    "definition": {
      "$schema": "https://schema.management.azure.com/providers/Microsoft.Logic/schemas/2016-06-01/workflowdefinition.json#",
      "contentVersion": "1.0.0.0",
      "parameters": {
        "$connections": {
          "defaultValue": {},
          "type": "Object"
        },
        "$authentication": {
          "defaultValue": {},
          "type": "SecureObject"
        }
      },
      "triggers": {
        "manual": {
          "metadata": {
            "operationMetadataId": "1152485f-6b13-432e-9d33-28bb157b8058"
          },
          "type": "Request",
          "kind": "PowerApp",
          "inputs": {
            "schema": {
              "type": "object",
              "properties": {
                "RemoveMemberFromGroup_GroupId": {
                  "type": "string",
                  "description": "The Id of the group.",
                  "x-ms-powerflows-param-ispartial": false
                },
                "RemoveMemberFromGroup_MemberId": {
                  "type": "string",
                  "description": "The Id of the member.",
                  "x-ms-powerflows-param-ispartial": false
                }
              },
              "required": [
                "RemoveMemberFromGroup_GroupId",
                "RemoveMemberFromGroup_MemberId"
              ]
            }
          }
        }
      },
      "actions": {
        "Respond_to_a_PowerApp_or_flow_-_Success": {
          "runAfter": {
            "Remove_Member_From_Group": [
              "Succeeded"
            ]
          },
          "metadata": {
            "operationMetadataId": "d7bb60be-1ba4-4729-94fa-cf1bd6992577"
          },
          "type": "Response",
          "kind": "PowerApp",
          "inputs": {
            "statusCode": 200,
            "body": {
              "message": "Success"
            },
            "schema": {
              "type": "object",
              "properties": {
                "message": {
                  "title": "Message",
                  "x-ms-dynamically-added": true,
                  "type": "string"
                }
              }
            }
          }
        },
        "Respond_to_a_PowerApp_or_flow_-_Failure": {
          "runAfter": {
            "Remove_Member_From_Group": [
              "Failed",
              "Skipped",
              "TimedOut"
            ]
          },
          "metadata": {
            "operationMetadataId": "3e2d76dc-6853-48d4-9afd-dca8b66ba695"
          },
          "type": "Response",
          "kind": "PowerApp",
          "inputs": {
            "statusCode": 200,
            "body": {
              "message": "Failure"
            },
            "schema": {
              "type": "object",
              "properties": {
                "message": {
                  "title": "Message",
                  "x-ms-dynamically-added": true,
                  "type": "string"
                }
              }
            }
          }
        },
        "Remove_Member_From_Group": {
          "runAfter": {},
          "metadata": {
            "operationMetadataId": "dc07b908-0c26-4bff-96bf-c0a2584af070"
          },
          "type": "OpenApiConnection",
          "inputs": {
            "host": {
              "apiId": "/providers/Microsoft.PowerApps/apis/shared_azuread",
              "connectionName": "shared_azuread",
              "operationId": "RemoveMemberFromGroup"
            },
            "parameters": {
              "groupId": "@triggerBody()['RemoveMemberFromGroup_GroupId']",
              "memberId": "@triggerBody()['RemoveMemberFromGroup_MemberId']"
            },
            "authentication": {
              "value": "@json(decodeBase64(triggerOutputs().headers['X-MS-APIM-Tokens']))['$ConnectionKey']",
              "type": "Raw"
            }
          }
        }
      }
    },
    "templateName": null
  },
  "schemaVersion": "1.0.0.0"
}