<ImportExportXml xmlns:xsi="http://www.w3.org/2001/XMLSchema-instance">
  <Entities></Entities>
  <Roles></Roles>
  <Workflows>
    <Workflow WorkflowId="{9d8a21f2-1bf7-ed11-8848-6045bd0cf003}" Name="Request Role" Description="Request a role without approval">
      <JsonFileName>/Workflows/RequestRole-9D8A21F2-1BF7-ED11-8848-6045BD0CF003.json</JsonFileName>
      <Type>1</Type>
      <Subprocess>0</Subprocess>
      <Category>5</Category>
      <Mode>0</Mode>
      <Scope>4</Scope>
      <OnDemand>0</OnDemand>
      <TriggerOnCreate>0</TriggerOnCreate>
      <TriggerOnDelete>0</TriggerOnDelete>
      <AsyncAutodelete>0</AsyncAutodelete>
      <SyncWorkflowLogOnFailure>0</SyncWorkflowLogOnFailure>
      <StateCode>1</StateCode>
      <StatusCode>2</StatusCode>
      <RunAs>1</RunAs>
      <IsTransacted>1</IsTransacted>
      <IntroducedVersion>1.0.0.2</IntroducedVersion>
      <IsCustomizable>1</IsCustomizable>
      <IsCustomProcessingStepAllowedForOtherPublishers>1</IsCustomProcessingStepAllowedForOtherPublishers>
      <PrimaryEntity>none</PrimaryEntity>
      <LocalizedNames>
        <LocalizedName languagecode="1033" description="Request Role" />
      </LocalizedNames>
      <Descriptions>
        <Description languagecode="1033" description="Request a role without approval" />
      </Descriptions>
    </Workflow>
    <Workflow WorkflowId="{97d90e16-1cf7-ed11-8848-6045bd0cf003}" Name="Request Role with Approval">
      <JsonFileName>/Workflows/RequestRolewithApproval-97D90E16-1CF7-ED11-8848-6045BD0CF003.json</JsonFileName>
      <Type>1</Type>
      <Subprocess>0</Subprocess>
      <Category>5</Category>
      <Mode>0</Mode>
      <Scope>4</Scope>
      <OnDemand>0</OnDemand>
      <TriggerOnCreate>0</TriggerOnCreate>
      <TriggerOnDelete>0</TriggerOnDelete>
      <AsyncAutodelete>0</AsyncAutodelete>
      <SyncWorkflowLogOnFailure>0</SyncWorkflowLogOnFailure>
      <StateCode>1</StateCode>
      <StatusCode>2</StatusCode>
      <RunAs>1</RunAs>
      <IsTransacted>1</IsTransacted>
      <IntroducedVersion>1.0.0.2</IntroducedVersion>
      <IsCustomizable>1</IsCustomizable>
      <IsCustomProcessingStepAllowedForOtherPublishers>1</IsCustomProcessingStepAllowedForOtherPublishers>
      <PrimaryEntity>none</PrimaryEntity>
      <LocalizedNames>
        <LocalizedName languagecode="1033" description="Request Role with Approval" />
      </LocalizedNames>
    </Workflow>
    <Workflow WorkflowId="{e0eb7cea-d6f7-ed11-8f6d-6045bd0cf003}" Name="Remove Role" Description="Remove a role by removing the user from the associated AAD group">
      <JsonFileName>/Workflows/RemoveRole-E0EB7CEA-D6F7-ED11-8F6D-6045BD0CF003.json</JsonFileName>
      <Type>1</Type>
      <Subprocess>0</Subprocess>
      <Category>5</Category>
      <Mode>0</Mode>
      <Scope>4</Scope>
      <OnDemand>0</OnDemand>
      <TriggerOnCreate>0</TriggerOnCreate>
      <TriggerOnDelete>0</TriggerOnDelete>
      <AsyncAutodelete>0</AsyncAutodelete>
      <SyncWorkflowLogOnFailure>0</SyncWorkflowLogOnFailure>
      <StateCode>1</StateCode>
      <StatusCode>2</StatusCode>
      <RunAs>1</RunAs>
      <IsTransacted>1</IsTransacted>
      <IntroducedVersion>1.0.0.2</IntroducedVersion>
      <IsCustomizable>1</IsCustomizable>
      <IsCustomProcessingStepAllowedForOtherPublishers>1</IsCustomProcessingStepAllowedForOtherPublishers>
      <PrimaryEntity>none</PrimaryEntity>
      <LocalizedNames>
        <LocalizedName languagecode="1033" description="Remove Role" />
      </LocalizedNames>
      <Descriptions>
        <Description languagecode="1033" description="Remove a role by removing the user from the associated AAD group" />
      </Descriptions>
    </Workflow>
    <Workflow WorkflowId="{c88347d4-93f9-ed11-8f6d-6045bd0cf003}" Name="Add a new AAD Group and associated team" Description="Create a new Azure AD Group and associated Dataverse team">
      <JsonFileName>/Workflows/AddanewAADGroupandassociatedteam-C88347D4-93F9-ED11-8F6D-6045BD0CF003.json</JsonFileName>
      <Type>1</Type>
      <Subprocess>0</Subprocess>
      <Category>5</Category>
      <Mode>0</Mode>
      <Scope>4</Scope>
      <OnDemand>0</OnDemand>
      <TriggerOnCreate>0</TriggerOnCreate>
      <TriggerOnDelete>0</TriggerOnDelete>
      <AsyncAutodelete>0</AsyncAutodelete>
      <SyncWorkflowLogOnFailure>0</SyncWorkflowLogOnFailure>
      <StateCode>1</StateCode>
      <StatusCode>2</StatusCode>
      <RunAs>1</RunAs>
      <IsTransacted>1</IsTransacted>
      <IntroducedVersion>1.0.0.2</IntroducedVersion>
      <IsCustomizable>1</IsCustomizable>
      <IsCustomProcessingStepAllowedForOtherPublishers>1</IsCustomProcessingStepAllowedForOtherPublishers>
      <PrimaryEntity>none</PrimaryEntity>
      <LocalizedNames>
        <LocalizedName languagecode="1033" description="Add a new AAD Group and associated team" />
      </LocalizedNames>
      <Descriptions>
        <Description languagecode="1033" description="Create a new Azure AD Group and associated Dataverse team" />
      </Descriptions>
    </Workflow>
  </Workflows>
  <FieldSecurityProfiles></FieldSecurityProfiles>
  <Templates />
  <EntityMaps />
  <EntityRelationships />
  <OrganizationSettings />
  <optionsets />
  <CustomControls />
  <EntityDataProviders />
  <CanvasApps>
    <CanvasApp>
      <Name>sbax_securityrolesmanagercanvasapp_ce7bf</Name>
      <AppVersion>2023-07-12T16:45:57Z</AppVersion>
      <Status>Ready</Status>
      <CreatedByClientVersion>3.23052.19.0</CreatedByClientVersion>
      <MinClientVersion>3.23052.19.0</MinClientVersion>
      <Tags>{"primaryDeviceWidth":"1366","primaryDeviceHeight":"768","supportsPortrait":"true","supportsLandscape":"true","primaryFormFactor":"Tablet","publisherVersion":"3.23052.19","minimumRequiredApiVersion":"2.2.0","hasComponent":"true","hasUnlockedComponent":"false","isUnifiedRootApp":"false","sienaVersion":"20230521T132126Z-3.23052.19.0"}</Tags>
      <IsCdsUpgraded>0</IsCdsUpgraded>
      <GalleryItemId xsi:nil="true"></GalleryItemId>
      <BackgroundColor>rgba(50, 205, 50, 1)</BackgroundColor>
      <DisplayName>Security Roles Manager Canvas App</DisplayName>
      <Description>Canvas App to manage assignment of Power Platform Security Groups</Description>
      <CommitMessage></CommitMessage>
      <Publisher></Publisher>
      <AuthorizationReferences>[]</AuthorizationReferences>
      <ConnectionReferences>{"93519bc4-14c3-4f10-8392-22a6f51a065c":{"id":"/providers/microsoft.powerapps/apis/shared_office365users","displayName":"Office 365 Users","iconUri":"https://connectoricons-prod.azureedge.net/releases/v1.0.1644/1.0.1644.3342/office365users/icon.png","dataSources":["Office365Users"],"dependencies":[],"dependents":[],"parameterHints":{},"parameterHintsV2":{},"isOnPremiseConnection":false,"bypassConsent":false,"dataSets":{},"apiTier":"Standard","actions":["SearchUserV2","UserPhotoMetadata","UserPhoto_V2"]},"c862b8f5-4efb-468b-be8d-2094d27555a7":{"id":"/providers/microsoft.powerapps/apis/shared_azuread","displayName":"Azure AD","iconUri":"https://connectoricons-prod.azureedge.net/releases/v1.0.1626/1.0.1626.3238/azuread/icon.png","dataSources":["AzureAD"],"dependencies":[],"dependents":["8554ff4f-7f84-4d41-b4e7-8c394c7d51f9","947f172d-a40d-4345-9528-423635381db9"],"parameterHints":{},"parameterHintsV2":{},"isOnPremiseConnection":false,"bypassConsent":false,"dataSets":{},"apiTier":"Standard","actions":["GetMemberGroupsV2","GetGroup"]},"4e94a0db-dfb5-4e6e-bf33-587080ed8e8c":{"id":"/providers/microsoft.powerapps/apis/shared_powerappsforappmakers","displayName":"Power Apps for Makers","iconUri":"https://connectoricons-prod.azureedge.net/u/shgogna/globalperconnector-train1/1.0.1639.3312/powerappsforappmakers/icon.png","dataSources":["PowerAppsforMakers"],"dependencies":[],"dependents":[],"parameterHints":{},"parameterHintsV2":{},"isOnPremiseConnection":false,"bypassConsent":false,"dataSets":{},"apiTier":"Standard","actions":["Get-AppVersions"]},"8554ff4f-7f84-4d41-b4e7-8c394c7d51f9":{"id":"/providers/microsoft.powerapps/apis/shared_logicflows","displayName":"Logic flows","iconUri":"https://connectoricons-prod.azureedge.net/releases/v1.0.1636/1.0.1636.3297/logicflows/icon.png","dataSources":["RequestRole"],"dependencies":["c862b8f5-4efb-468b-be8d-2094d27555a7"],"dependents":[],"parameterHints":{"workflowName":{"value":"68438304-e2b1-4dda-b040-dafdf9f1cb6e"},"workflowEntityId":{"value":"9d8a21f2-1bf7-ed11-8848-6045bd0cf003"},"c862b8f5-4efb-468b-be8d-2094d27555a7":{"value":"shared_azuread"}},"parameterHintsV2":{"workflowName":{"value":"68438304-e2b1-4dda-b040-dafdf9f1cb6e"},"workflowEntityId":{"value":"9d8a21f2-1bf7-ed11-8848-6045bd0cf003"},"shared_azuread":{"value":"c862b8f5-4efb-468b-be8d-2094d27555a7"}},"isOnPremiseConnection":false,"bypassConsent":false,"dataSets":{},"apiTier":"Standard","actions":["Run"]},"947f172d-a40d-4345-9528-423635381db9":{"id":"/providers/microsoft.powerapps/apis/shared_logicflows","displayName":"Logic flows","iconUri":"https://connectoricons-prod.azureedge.net/releases/v1.0.1636/1.0.1636.3297/logicflows/icon.png","dataSources":["RemoveRole"],"dependencies":["c862b8f5-4efb-468b-be8d-2094d27555a7"],"dependents":[],"parameterHints":{"workflowName":{"value":"1b2cd0a3-11e3-4be8-a79f-2aed511880d1"},"workflowEntityId":{"value":"e0eb7cea-d6f7-ed11-8f6d-6045bd0cf003"},"c862b8f5-4efb-468b-be8d-2094d27555a7":{"value":"shared_azuread"}},"parameterHintsV2":{"workflowName":{"value":"1b2cd0a3-11e3-4be8-a79f-2aed511880d1"},"workflowEntityId":{"value":"e0eb7cea-d6f7-ed11-8f6d-6045bd0cf003"},"shared_azuread":{"value":"c862b8f5-4efb-468b-be8d-2094d27555a7"}},"isOnPremiseConnection":false,"bypassConsent":false,"dataSets":{},"apiTier":"Standard","actions":["Run"]}}</ConnectionReferences>
      <DatabaseReferences>{"default.cds":{"databaseDetails":{"referenceType":"Environmental","environmentName":"default.cds","overrideValues":{"status":"NotSpecified"}},"dataSources":{"Teams":{"entitySetName":"teams","logicalName":"team"},"Security Roles":{"entitySetName":"roles","logicalName":"role"},"Users":{"entitySetName":"systemusers","logicalName":"systemuser"}}}}</DatabaseReferences>
      <CanConsumeAppPass>1</CanConsumeAppPass>
      <CanvasAppType>0</CanvasAppType>
      <BypassConsent>0</BypassConsent>
      <EmbeddedApp xsi:nil="true"></EmbeddedApp>
      <IntroducedVersion>1.0</IntroducedVersion>
      <CdsDependencies>{"cdsdependencies":[{"componenttype":1,"logicalname":"team"},{"componenttype":1,"logicalname":"role"},{"componenttype":1,"logicalname":"systemuser"},{"componenttype":300,"logicalname":"sbax_managesecurityrolescomponentlibrary_ce324","componenttypeplatformname":"CanvasApp"}]}</CdsDependencies>
      <IsCustomizable>1</IsCustomizable>
      <BackgroundImageUri>/CanvasApps/sbax_securityrolesmanagercanvasapp_ce7bf_BackgroundImageUri</BackgroundImageUri>
      <DocumentUri>/CanvasApps/sbax_securityrolesmanagercanvasapp_ce7bf_DocumentUri.msapp</DocumentUri>
    </CanvasApp>
    <CanvasApp>
      <Name>sbax_managesecurityrolescomponentlibrary_ce324</Name>
      <AppVersion>2023-07-12T16:45:55Z</AppVersion>
      <Status>Ready</Status>
      <CreatedByClientVersion>3.23052.19.0</CreatedByClientVersion>
      <MinClientVersion>3.23052.19.0</MinClientVersion>
      <Tags>{"primaryDeviceWidth":"1366","primaryDeviceHeight":"75","supportsPortrait":"true","supportsLandscape":"true","primaryFormFactor":"Phone","publisherVersion":"3.23052.19","minimumRequiredApiVersion":"2.2.0","hasComponent":"true","hasUnlockedComponent":"true","isUnifiedRootApp":"false"}</Tags>
      <IsCdsUpgraded>0</IsCdsUpgraded>
      <GalleryItemId xsi:nil="true"></GalleryItemId>
      <BackgroundColor>rgba(50, 205, 50, 1)</BackgroundColor>
      <DisplayName>Manage Security Roles Component Library</DisplayName>
      <Description>Component Library for Manage Security Roles Apps</Description>
      <CommitMessage></CommitMessage>
      <Publisher></Publisher>
      <AuthorizationReferences>[]</AuthorizationReferences>
      <ConnectionReferences>{"93519bc4-14c3-4f10-8392-22a6f51a065c":{"id":"/providers/microsoft.powerapps/apis/shared_office365users","displayName":"Office 365 Users","iconUri":"https://connectoricons-prod.azureedge.net/releases/v1.0.1644/1.0.1644.3342/office365users/icon.png","dataSources":["Office365Users"],"dependencies":[],"dependents":[],"parameterHints":{},"parameterHintsV2":{},"isOnPremiseConnection":false,"bypassConsent":false,"dataSets":{},"apiTier":"Standard"},"c862b8f5-4efb-468b-be8d-2094d27555a7":{"id":"/providers/microsoft.powerapps/apis/shared_azuread","displayName":"Azure AD","iconUri":"https://connectoricons-prod.azureedge.net/releases/v1.0.1626/1.0.1626.3238/azuread/icon.png","dataSources":["AzureAD"],"dependencies":[],"dependents":["8554ff4f-7f84-4d41-b4e7-8c394c7d51f9","947f172d-a40d-4345-9528-423635381db9"],"parameterHints":{},"parameterHintsV2":{},"isOnPremiseConnection":false,"bypassConsent":false,"dataSets":{},"apiTier":"Standard"},"4e94a0db-dfb5-4e6e-bf33-587080ed8e8c":{"id":"/providers/microsoft.powerapps/apis/shared_powerappsforappmakers","displayName":"Power Apps for Makers","iconUri":"https://connectoricons-prod.azureedge.net/u/shgogna/globalperconnector-train1/1.0.1639.3312/powerappsforappmakers/icon.png","dataSources":["PowerAppsforMakers"],"dependencies":[],"dependents":[],"parameterHints":{},"parameterHintsV2":{},"isOnPremiseConnection":false,"bypassConsent":false,"dataSets":{},"apiTier":"Standard"},"8554ff4f-7f84-4d41-b4e7-8c394c7d51f9":{"id":"/providers/microsoft.powerapps/apis/shared_logicflows","displayName":"Logic flows","iconUri":"https://connectoricons-prod.azureedge.net/releases/v1.0.1636/1.0.1636.3297/logicflows/icon.png","dataSources":["RequestRole"],"dependencies":["c862b8f5-4efb-468b-be8d-2094d27555a7"],"dependents":[],"parameterHints":{"workflowName":{"value":"9b78f892-8902-4756-8e3c-c555ff79e380"},"workflowEntityId":{"value":"9d8a21f2-1bf7-ed11-8848-6045bd0cf003"},"c862b8f5-4efb-468b-be8d-2094d27555a7":{"value":"shared_azuread"}},"parameterHintsV2":{"workflowName":{"value":"9b78f892-8902-4756-8e3c-c555ff79e380"},"workflowEntityId":{"value":"9d8a21f2-1bf7-ed11-8848-6045bd0cf003"},"shared_azuread":{"value":"c862b8f5-4efb-468b-be8d-2094d27555a7"}},"isOnPremiseConnection":false,"bypassConsent":false,"dataSets":{},"apiTier":"Standard"},"947f172d-a40d-4345-9528-423635381db9":{"id":"/providers/microsoft.powerapps/apis/shared_logicflows","displayName":"Logic flows","iconUri":"https://connectoricons-prod.azureedge.net/releases/v1.0.1636/1.0.1636.3297/logicflows/icon.png","dataSources":["RemoveRole"],"dependencies":["c862b8f5-4efb-468b-be8d-2094d27555a7"],"dependents":[],"parameterHints":{"workflowName":{"value":"99fb83c7-1339-4912-8ebc-28e5829d60a7"},"workflowEntityId":{"value":"e0eb7cea-d6f7-ed11-8f6d-6045bd0cf003"},"c862b8f5-4efb-468b-be8d-2094d27555a7":{"value":"shared_azuread"}},"parameterHintsV2":{"workflowName":{"value":"99fb83c7-1339-4912-8ebc-28e5829d60a7"},"workflowEntityId":{"value":"e0eb7cea-d6f7-ed11-8f6d-6045bd0cf003"},"shared_azuread":{"value":"c862b8f5-4efb-468b-be8d-2094d27555a7"}},"isOnPremiseConnection":false,"bypassConsent":false,"dataSets":{},"apiTier":"Standard"}}</ConnectionReferences>
      <DatabaseReferences>{}</DatabaseReferences>
      <CanConsumeAppPass>1</CanConsumeAppPass>
      <CanvasAppType>1</CanvasAppType>
      <BypassConsent>0</BypassConsent>
      <EmbeddedApp xsi:nil="true"></EmbeddedApp>
      <IntroducedVersion>1.0</IntroducedVersion>
      <CdsDependencies>{"cdsdependencies":[]}</CdsDependencies>
      <IsCustomizable>1</IsCustomizable>
      <BackgroundImageUri>/CanvasApps/sbax_managesecurityrolescomponentlibrary_ce324_BackgroundImageUri</BackgroundImageUri>
      <DocumentUri>/CanvasApps/sbax_managesecurityrolescomponentlibrary_ce324_DocumentUri.msapp</DocumentUri>
    </CanvasApp>
    <CanvasApp>
      <Name>sbax_requestrole_a9154</Name>
      <AppVersion>2023-07-12T16:54:53Z</AppVersion>
      <Status>Ready</Status>
      <CreatedByClientVersion>3.23071.11.0</CreatedByClientVersion>
      <MinClientVersion>3.23071.11.0</MinClientVersion>
      <Tags>{"primaryDeviceWidth":"1366","primaryDeviceHeight":"768","supportsPortrait":"true","supportsLandscape":"true","primaryFormFactor":"Tablet","publisherVersion":"3.23071.11","minimumRequiredApiVersion":"2.2.0","hasComponent":"true","hasUnlockedComponent":"false","isUnifiedRootApp":"false","sienaVersion":"20230712T164556Z-3.23052.19.0"}</Tags>
      <IsCdsUpgraded>0</IsCdsUpgraded>
      <GalleryItemId xsi:nil="true"></GalleryItemId>
      <BackgroundColor>rgba(50, 205, 50, 1)</BackgroundColor>
      <DisplayName>Request Role Canvas App</DisplayName>
      <Description>Canvas App to request assignment of Power Platform Security Groups</Description>
      <CommitMessage xsi:nil="true"></CommitMessage>
      <Publisher></Publisher>
      <AuthorizationReferences>[]</AuthorizationReferences>
      <ConnectionReferences>{"87a8d23a-8579-4bf5-8c4c-38428bc4a3e2":{"id":"/providers/microsoft.powerapps/apis/shared_office365users","displayName":"Office 365 Users","iconUri":"https://connectoricons-prod.azureedge.net/releases/v1.0.1644/1.0.1644.3342/office365users/icon.png","dataSources":["Office365Users"],"dependencies":[],"dependents":[],"parameterHints":{},"parameterHintsV2":{},"isOnPremiseConnection":false,"bypassConsent":false,"dataSets":{},"apiTier":"Standard"},"9fa8ae12-fddf-4cbc-b450-3e780b69516a":{"id":"/providers/microsoft.powerapps/apis/shared_azuread","displayName":"Azure AD","iconUri":"https://connectoricons-prod.azureedge.net/releases/v1.0.1626/1.0.1626.3238/azuread/icon.png","dataSources":["AzureAD"],"dependencies":[],"dependents":["f9e87ced-9ec6-4d7d-9379-84d503f188f6"],"parameterHints":{},"parameterHintsV2":{},"isOnPremiseConnection":false,"bypassConsent":false,"dataSets":{},"apiTier":"Standard","actions":["GetMemberGroupsV2","GetGroup"]},"4e94a0db-dfb5-4e6e-bf33-587080ed8e8c":{"id":"/providers/microsoft.powerapps/apis/shared_powerappsforappmakers","displayName":"Power Apps for Makers","iconUri":"https://connectoricons-prod.azureedge.net/u/shgogna/globalperconnector-train1/1.0.1639.3312/powerappsforappmakers/icon.png","dataSources":["PowerAppsforMakers"],"dependencies":[],"dependents":[],"parameterHints":{},"parameterHintsV2":{},"isOnPremiseConnection":false,"bypassConsent":false,"dataSets":{},"apiTier":"Standard","actions":["Get-AppVersions"]},"947f172d-a40d-4345-9528-423635381db9":{"id":"/providers/microsoft.powerapps/apis/shared_logicflows","displayName":"Logic flows","iconUri":"https://connectoricons-prod.azureedge.net/releases/v1.0.1636/1.0.1636.3297/logicflows/icon.png","dataSources":["RemoveRole"],"dependencies":["c862b8f5-4efb-468b-be8d-2094d27555a7"],"dependents":[],"parameterHints":{"workflowName":{"value":"8762af14-340b-44c7-9d22-ebcb9907db62"},"workflowEntityId":{"value":"e0eb7cea-d6f7-ed11-8f6d-6045bd0cf003"},"c862b8f5-4efb-468b-be8d-2094d27555a7":{"value":"shared_azuread"}},"parameterHintsV2":{"workflowName":{"value":"8762af14-340b-44c7-9d22-ebcb9907db62"},"workflowEntityId":{"value":"e0eb7cea-d6f7-ed11-8f6d-6045bd0cf003"},"shared_azuread":{"value":"c862b8f5-4efb-468b-be8d-2094d27555a7"}},"isOnPremiseConnection":false,"bypassConsent":false,"dataSets":{},"apiTier":"Standard","actions":["Run"]},"f9e87ced-9ec6-4d7d-9379-84d503f188f6":{"id":"/providers/microsoft.powerapps/apis/shared_logicflows","displayName":"Logic flows","iconUri":"https://connectoricons-prod.azureedge.net/releases/v1.0.1636/1.0.1636.3297/logicflows/icon.png","dataSources":["RequestRolewithApproval"],"dependencies":["9fa8ae12-fddf-4cbc-b450-3e780b69516a","ea1b6690-4683-4930-87ed-f53455456fb5","dcd5d710-8c39-404f-837e-d0276e3d4ac6","efd208da-44a0-4b33-ad80-23533be280a9"],"dependents":[],"parameterHints":{"workflowName":{"value":"c12f081a-addd-43dc-a830-d105b53d0215"},"workflowEntityId":{"value":"97d90e16-1cf7-ed11-8848-6045bd0cf003"},"9fa8ae12-fddf-4cbc-b450-3e780b69516a":{"value":"shared_azuread"},"ea1b6690-4683-4930-87ed-f53455456fb5":{"value":"shared_office365users"},"dcd5d710-8c39-404f-837e-d0276e3d4ac6":{"value":"shared_teams"},"efd208da-44a0-4b33-ad80-23533be280a9":{"value":"shared_approvals"}},"parameterHintsV2":{"workflowName":{"value":"c12f081a-addd-43dc-a830-d105b53d0215"},"workflowEntityId":{"value":"97d90e16-1cf7-ed11-8848-6045bd0cf003"},"shared_azuread":{"value":"9fa8ae12-fddf-4cbc-b450-3e780b69516a"},"shared_office365users":{"value":"ea1b6690-4683-4930-87ed-f53455456fb5"},"shared_teams":{"value":"dcd5d710-8c39-404f-837e-d0276e3d4ac6"},"shared_approvals":{"value":"efd208da-44a0-4b33-ad80-23533be280a9"}},"isOnPremiseConnection":false,"bypassConsent":false,"dataSets":{},"apiTier":"Standard","actions":["Run"]},"ea1b6690-4683-4930-87ed-f53455456fb5":{"id":"/providers/microsoft.powerapps/apis/shared_office365users","displayName":"Office 365 Users","iconUri":"https://connectoricons-prod.azureedge.net/releases/v1.0.1644/1.0.1644.3342/office365users/icon.png","dataSources":[],"dependencies":[],"dependents":["f9e87ced-9ec6-4d7d-9379-84d503f188f6"],"parameterHints":{},"parameterHintsV2":{},"isOnPremiseConnection":false,"bypassConsent":false,"dataSets":{},"apiTier":"Standard"},"dcd5d710-8c39-404f-837e-d0276e3d4ac6":{"id":"/providers/microsoft.powerapps/apis/shared_teams","displayName":"Microsoft Teams","iconUri":"https://connectoricons-prod.azureedge.net/u/anladwig/releases/teamsRetryLogic/1.0.1646.3350/teams/icon.png","dataSources":[],"dependencies":[],"dependents":["f9e87ced-9ec6-4d7d-9379-84d503f188f6"],"parameterHints":{},"parameterHintsV2":{},"isOnPremiseConnection":false,"bypassConsent":false,"dataSets":{},"apiTier":"Standard"},"efd208da-44a0-4b33-ad80-23533be280a9":{"id":"/providers/microsoft.powerapps/apis/shared_approvals","displayName":"Approvals","iconUri":"https://connectoricons-prod.azureedge.net/releases/v1.0.1638/1.0.1638.3308/approvals/icon.png","dataSources":[],"dependencies":[],"dependents":["f9e87ced-9ec6-4d7d-9379-84d503f188f6"],"parameterHints":{},"parameterHintsV2":{},"isOnPremiseConnection":false,"bypassConsent":false,"dataSets":{},"apiTier":"Standard"}}</ConnectionReferences>
      <DatabaseReferences>{"default.cds":{"databaseDetails":{"referenceType":"Environmental","environmentName":"default.cds","overrideValues":{"status":"NotSpecified"}},"dataSources":{"Teams":{"entitySetName":"teams","logicalName":"team"},"Security Roles":{"entitySetName":"roles","logicalName":"role"},"Users":{"entitySetName":"systemusers","logicalName":"systemuser"}}}}</DatabaseReferences>
      <AppComponents>[]</AppComponents>
      <AppComponentDependencies>[{"appComponentName":"dbf8b490d3c5479ab73274f15e5d2aa5","appName":"3fe3a8b8-d1c6-402c-ae62-ddb6ad3b2656","appComponentLibraryName":"05c6fb0d-1050-4279-93e5-ae9dca193693","appComponentLibraryVersion":"2023-07-12T16:45:55Z","appComponentLibraryLogicalName":"sbax_managesecurityrolescomponentlibrary_ce324","environmentName":"47551891-d75d-e95c-b396-92350f0694aa"},{"appComponentName":"fb846ace3ae64fb4a38a9f5a3a3acbba","appName":"3fe3a8b8-d1c6-402c-ae62-ddb6ad3b2656","appComponentLibraryName":"05c6fb0d-1050-4279-93e5-ae9dca193693","appComponentLibraryVersion":"2023-07-12T16:45:55Z","appComponentLibraryLogicalName":"sbax_managesecurityrolescomponentlibrary_ce324","environmentName":"47551891-d75d-e95c-b396-92350f0694aa"}]</AppComponentDependencies>
      <CanConsumeAppPass>1</CanConsumeAppPass>
      <CanvasAppType>0</CanvasAppType>
      <BypassConsent>0</BypassConsent>
      <AdminControlBypassConsent>0</AdminControlBypassConsent>
      <EmbeddedApp xsi:nil="true"></EmbeddedApp>
      <IntroducedVersion>1.0</IntroducedVersion>
      <CdsDependencies>{"cdsdependencies":[{"dependencyid":"e0eb7cea-d6f7-ed11-8f6d-6045bd0cf003","componenttype":29,"componenttypeplatformname":"Workflow"},{"dependencyid":"97d90e16-1cf7-ed11-8848-6045bd0cf003","componenttype":29,"componenttypeplatformname":"Workflow"},{"logicalname":"team","componenttype":1},{"logicalname":"role","componenttype":1},{"logicalname":"systemuser","componenttype":1},{"logicalname":"sbax_managesecurityrolescomponentlibrary_ce324","componenttype":300,"componenttypeplatformname":"CanvasApp"}]}</CdsDependencies>
      <IsCustomizable>1</IsCustomizable>
      <BackgroundImageUri>/CanvasApps/sbax_requestrole_a9154_BackgroundImageUri</BackgroundImageUri>
      <DocumentUri>/CanvasApps/sbax_requestrole_a9154_DocumentUri.msapp</DocumentUri>
    </CanvasApp>
  </CanvasApps>
  <connectionreferences>
    <connectionreference connectionreferencelogicalname="sbax_AADManageSecurityRoles">
      <connectionreferencedisplayname>AAD Manage Security Roles</connectionreferencedisplayname>
      <connectorid>/providers/Microsoft.PowerApps/apis/shared_azuread</connectorid>
      <iscustomizable>1</iscustomizable>
      <statecode>0</statecode>
      <statuscode>1</statuscode>
    </connectionreference>
    <connectionreference connectionreferencelogicalname="sbax_ApprovalsManageSecurityRoles">
      <connectionreferencedisplayname>Approvals Manage Security Roles</connectionreferencedisplayname>
      <connectorid>/providers/Microsoft.PowerApps/apis/shared_approvals</connectorid>
      <iscustomizable>1</iscustomizable>
      <statecode>0</statecode>
      <statuscode>1</statuscode>
    </connectionreference>
    <connectionreference connectionreferencelogicalname="sbax_DataverseManageSecurityRoles">
      <connectionreferencedisplayname>Dataverse Manage Security Roles</connectionreferencedisplayname>
      <connectorid>/providers/Microsoft.PowerApps/apis/shared_commondataserviceforapps</connectorid>
      <iscustomizable>1</iscustomizable>
      <statecode>0</statecode>
      <statuscode>1</statuscode>
    </connectionreference>
    <connectionreference connectionreferencelogicalname="sbax_O365UsersManageSecurityRole">
      <connectionreferencedisplayname>O365 Users Manage Security Role</connectionreferencedisplayname>
      <connectorid>/providers/Microsoft.PowerApps/apis/shared_office365users</connectorid>
      <iscustomizable>1</iscustomizable>
      <statecode>0</statecode>
      <statuscode>1</statuscode>
    </connectionreference>
    <connectionreference connectionreferencelogicalname="sbax_sharedexcelonlinebusiness_c9615">
      <connectionreferencedisplayname>Excel Online (Business) ManageSecurityRoles-c9615</connectionreferencedisplayname>
      <connectorid>/providers/Microsoft.PowerApps/apis/shared_excelonlinebusiness</connectorid>
      <iscustomizable>1</iscustomizable>
      <statecode>0</statecode>
      <statuscode>1</statuscode>
    </connectionreference>
    <connectionreference connectionreferencelogicalname="sbax_TeamsManageSecurityRoles">
      <connectionreferencedisplayname>Teams Manage Security Roles</connectionreferencedisplayname>
      <connectorid>/providers/Microsoft.PowerApps/apis/shared_teams</connectorid>
      <iscustomizable>1</iscustomizable>
      <statecode>0</statecode>
      <statuscode>1</statuscode>
    </connectionreference>
  </connectionreferences>
  <Languages>
    <Language>1033</Language>
  </Languages>
</ImportExportXml>