<environmentvariabledefinition schemaname="sbax_RoleApprovers">
  <description default="List of email addresses of approvers for new role requests, separated by semi colons">
    <label description="List of email addresses of approvers for new role requests, separated by semi colons" languagecode="1033" />
  </description>
  <displayname default="Role Approvers">
    <label description="Role Approvers" languagecode="1033" />
  </displayname>
  <introducedversion>1.0.0.2</introducedversion>
  <iscustomizable>1</iscustomizable>
  <isrequired>0</isrequired>
  <secretstore>0</secretstore>
  <type>100000000</type>
</environmentvariabledefinition>